Activity Type,Date,Favorite,Title,Distance,Calories,Total Time,Avg HR,Max HR,Aerobic TE,Avg Bike Cadence,Max Bike Cadence,Avg Speed,Max Speed,Total Ascent,Total Descent,Avg Stride Length,Avg Vertical Ratio,Avg Vertical Oscillation,Avg Ground Contact Time,Avg GAP,Normalized Power® (NP®),Training Stress Score®,Avg Power,Max Power,Total Strokes,Avg. Swolf,Avg Stroke Rate,Steps,Total Reps,Total Sets,Body Battery Drain,Min Temp,Decompression,Best Lap Time,Number of Laps,Max Temp,Avg Resp,Min Resp,Max Resp,Moving Time,Elapsed Time,Min Elevation,Max Elevation
Cardio,2025-12-22 18:41:49,false,"CrossFit","0.00","447","00:29:29","158","191","3.5","--","--","--","--","--","--","--","--","--","--","--","--","0.0","--","--","--","--","--","1,766","--","--","-9","--","No","00:29:29","1","--","--","--","--","00:00:00","00:38:21","--","--"
Running,2025-12-16 19:55:04,false,"Eindhoven Carrera","7.07","638","00:43:46","158","175","3.6","157","236","6:11","4:02","6","6","1.02","8.2","8.4","269","6:08","374","0.0","348","598","--","--","--","6,954","--","--","-7","--","No","00:00:23.1","8","--","--","--","--","00:42:29","00:43:46","14","20"
Cardio,2025-12-15 17:43:50,false,"CrossFit","0.00","417","00:31:22","147","184","3.1","--","--","--","--","--","--","--","--","--","--","--","--","0.0","--","--","--","--","--","1,280","--","--","-7","--","No","00:31:22","1","--","--","--","--","00:00:00","00:42:24","--","--"
Running,2025-12-14 08:17:09,false,"Eindhoven Carrera","7.03","595","00:37:41","161","179","4.1","167","184","5:22","4:00","8","7","1.11","7.9","8.8","256","5:20","416","0.0","407","588","--","--","--","6,344","--","--","-11","--","No","00:00:09.9","8","--","--","--","--","00:36:55","00:37:41","12","18"
Cardio,2025-12-11 19:39:24,false,"CrossFit","0.00","541","00:36:50","157","191","3.7","--","--","--","--","--","--","--","--","--","--","--","--","0.0","--","--","--","--","--","1,596","--","--","-7","--","No","00:36:50","1","--","--","--","--","00:00:00","00:36:50","--","--"
Cardio,2025-12-09 19:41:26,false,"CrossFit","0.00","461","00:34:04","148","191","3.6","--","--","--","--","--","--","--","--","--","--","--","--","0.0","--","--","--","--","--","2,578","--","--","-6","--","No","00:34:04","1","--","--","--","--","00:00:00","00:35:43","--","--"
Running,2025-12-07 09:53:05,false,"Eindhoven Carrera","11.92","1,135","01:23:14","151","174","4.2","152","247","6:59","1:50","28","36","0.94","8.8","8.2","275","6:58","344","0.0","311","1,112","--","--","--","13,010","--","--","-16","--","No","00:05:42.8","12","--","--","--","--","01:18:26","01:23:14","12","25"
Cardio,2025-12-04 17:40:33,false,"CrossFit","0.00","496","00:30:47","168","187","4.2","--","--","--","--","--","--","--","--","--","--","--","--","0.0","--","--","--","--","--","2,200","--","--","-7","--","No","00:30:47","1","--","--","--","--","00:00:00","00:33:41","--","--"
Running,2025-12-03 19:47:08,false,"Eindhoven Carrera","5.19","457","00:29:40","162","177","3.9","167","197","5:43","2:28","12","12","1.03","8.4","8.6","266","5:44","385","0.0","378","838","--","--","--","4,970","--","--","-5","--","No","00:00:48.1","6","--","--","--","--","00:29:31","00:29:40","9","14"
Cardio,2025-12-02 19:41:06,false,"CrossFit","0.00","404","00:30:23","145","184","3.5","--","--","--","--","--","--","--","--","--","--","--","--","0.0","--","--","--","--","--","1,788","--","--","-5","--","No","00:30:23","1","--","--","--","--","00:00:00","00:30:23","--","--"
Running,2025-11-19 19:41:33,false,"Eindhoven Carrera","8.59","753","00:48:23","163","174","4.3","168","179","5:38","3:57","18","20","1.05","8.3","8.7","264","5:38","400","0.0","394","659","--","--","--","8,188","--","--","-1","--","No","00:03:38.3","9","--","--","--","--","00:48:21","00:48:23","7","19"
Cardio,2025-11-18 20:41:31,false,"CrossFit","0.00","433","00:30:02","154","184","3.5","--","--","--","--","--","--","--","--","--","--","--","--","0.0","--","--","--","--","--","2,282","--","--","-5","--","No","00:30:02","1","--","--","--","--","00:00:00","00:30:02","--","--"
Running,2025-11-17 13:05:11,false,"Eindhoven Carrera","6.40","546","00:33:20","168","186","4.5","166","181","5:12","4:01","21","30","1.16","7.9","9.1","257","5:11","430","0.0","421","605","--","--","--","5,558","--","--","-9","--","No","00:02:18.4","7","--","--","--","--","00:33:07","00:33:20","5","19"
Running,2025-11-12 19:50:59,false,"Eindhoven Carrera","7.92","721","00:42:37","178","189","5.0","169","179","5:23","3:39","15","17","1.10","8.1","8.9","262","5:23","414","0.0","408","641","--","--","--","7,186","--","--","-6","--","No","00:04:43.7","8","--","--","--","--","00:42:36","00:42:37","8","15"
Running,2025-10-31 19:51:10,false,"Eindhoven Carrera","4.29","425","00:31:28","148","167","2.9","150","180","7:20","4:33","2","2","0.91","9.1","8.3","281","7:19","326","0.0","302","511","--","--","--","4,734","--","--","-4","--","No","00:02:02.4","5","--","--","--","--","00:28:41","00:37:50","19","23"
Running,2025-10-29 19:45:33,false,"Eindhoven Carrera","7.98","643","00:37:55","168","185","4.9","173","183","4:45","3:36","13","15","1.21","7.5","9.1","245","4:45","468","0.0","464","608","--","--","--","6,548","--","--","-13","--","No","00:04:36.9","8","--","--","--","--","00:37:50","00:37:55","9","18"
Cardio,2025-10-28 20:40:38,false,"CrossFit","0.00","388","00:30:26","144","200","3.6","--","--","--","--","--","--","--","--","--","--","--","--","0.0","--","--","--","--","--","1,174","--","--","-7","--","No","00:30:26","1","--","--","--","--","00:00:00","00:39:24","--","--"
Running,2025-10-25 10:11:10,false,"Eindhoven Carrera","4.99","451","00:29:16","159","172","3.5","170","181","5:52","4:40","12","13","1.01","8.4","8.5","265","5:51","387","0.0","384","491","--","--","--","4,972","--","--","-6","--","No","00:05:41.7","5","--","--","--","--","00:29:12","00:29:16","14","21"
Cardio,2025-10-21 20:40:39,false,"CrossFit","0.00","414","00:29:01","151","192","3.6","--","--","--","--","--","--","--","--","--","--","--","--","0.0","--","--","--","--","--","1,796","--","--","-8","--","No","00:29:01","1","--","--","--","--","00:00:00","00:36:46","--","--"
Running,2025-10-20 19:23:10,false,"Eindhoven Carrera","9.16","846","00:52:14","165","177","5.0","160","225","5:42","4:27","13","12","1.10","8.2","9.0","265","5:39","412","0.0","395","570","--","--","--","8,436","--","--","-13","--","No","00:01:05.4","10","--","--","--","--","00:50:41","00:52:16","13","19"
Running,2025-10-18 10:14:50,false,"Eindhoven Carrera","5.01","460","00:30:16","151","164","3.4","167","174","6:03","5:16","9","8","0.99","8.6","8.6","272","6:02","368","0.0","366","476","--","--","--","5,056","--","--","-3","--","No","00:00:01.4","6","--","--","--","--","00:30:12","00:30:16","20","24"
Cardio,2025-10-17 09:09:36,false,"CrossFit","0.00","464","00:29:32","157","194","3.8","--","--","--","--","--","--","--","--","--","--","--","--","0.0","--","--","--","--","--","1,722","--","--","-11","--","No","00:29:32","1","--","--","--","--","00:00:00","00:37:14","--","--"
Running,2025-10-10 16:55:10,false,"Eindhoven Carrera","6.01","528","00:34:32","150","165","3.6","159","175","5:45","4:07","3","4","1.10","8.1","8.9","264","5:42","400","0.0","382","557","--","--","--","5,552","--","--","-7","--","No","00:00:02.6","7","--","--","--","--","00:33:46","00:34:32","16","20"
Cardio,2025-10-09 16:38:04,false,"CrossFit","0.00","432","00:31:57","142","185","3.5","--","--","--","--","--","--","--","--","--","--","--","--","0.0","--","--","--","--","--","2,056","--","--","-6","--","No","00:31:57","1","--","--","--","--","00:00:00","00:40:27","--","--"
Cardio,2025-10-07 10:08:34,false,"CrossFit","0.00","468","00:33:01","145","189","3.6","--","--","--","--","--","--","--","--","--","--","--","--","0.0","--","--","--","--","--","2,012","--","--","-11","--","No","00:33:01","1","--","--","--","--","00:00:00","00:37:35","--","--"
Hiking,2025-09-29 10:41:13,false,"Hatsukaichi City Senderismo","7.99","1,464","04:05:49","101","149","2.3","39","187","30:45","6:34","655","227","0.83","--","--","--","--","--","0.0","--","--","--","--","--","13,072","--","--","-24","--","No","04:05:49","1","--","--","--","--","01:45:07","04:05:49","0","531"
Hiking,2025-09-27 10:35:23,false,"Nara City Senderismo","10.19","1,055","04:07:59","86","130","0.6","47","231","24:20","4:28","292","268","0.88","--","--","--","--","--","0.0","--","--","--","--","--","14,414","--","--","-17","--","No","04:07:59","1","--","--","--","--","02:10:03","04:07:59","85","348"
Hiking,2025-09-22 14:14:36,false,"Shirakawa Village Senderismo","5.74","484","02:30:01","77","120","0.3","44","153","26:07","6:05","88","88","0.88","--","--","--","--","--","0.0","--","--","--","--","--","8,398","--","--","-7","--","No","02:30:01","1","--","--","--","--","01:12:14","02:30:01","492","554"
Hiking,2025-09-21 08:31:36,false,"Matsumoto City Senderismo","18.33","1,636","05:50:02","92","169","1.9","67","228","19:05","4:17","146","146","0.78","--","--","--","--","--","0.0","--","--","--","--","--","25,810","--","--","-28","--","No","05:50:02","1","--","--","--","--","03:49:40","05:50:02","1,497","1,540"
Hiking,2025-09-17 10:07:19,false,"Nikko City Senderismo","9.53","1,031","03:31:41","92","151","1.1","55","200","22:13","5:38","243","65","0.82","--","--","--","--","--","0.0","--","--","--","--","--","13,450","--","--","-12","--","No","03:31:41","1","--","--","--","--","01:59:00","03:31:41","1,316","1,499"
Hiking,2025-09-15 09:16:22,false,"Kamakura City Senderismo","9.98","1,300","04:15:54","94","150","1.3","46","160","25:38","6:26","306","291","0.85","--","--","--","--","--","0.0","--","--","--","--","--","15,102","--","--","-14","--","No","04:15:54","1","--","--","--","--","02:05:57","04:56:14","8","143"
Cardio,2025-09-11 09:09:31,false,"CrossFit","0.00","530","00:33:10","158","182","3.6","--","--","--","--","--","--","--","--","--","--","--","--","0.0","--","--","--","--","--","2,800","--","--","-8","--","No","00:33:10","1","--","--","--","--","00:00:00","00:37:52","--","--"
Cardio,2025-09-08 18:40:17,false,"CrossFit","0.00","410","00:26:08","156","181","3.4","--","--","--","--","--","--","--","--","--","--","--","--","0.0","--","--","--","--","--","1,084","--","--","-3","--","No","00:26:08","1","--","--","--","--","00:00:00","00:40:18","--","--"
Cardio,2025-09-04 19:36:19,false,"CrossFit","0.00","534","00:39:13","146","181","3.5","--","--","--","--","--","--","--","--","--","--","--","--","0.0","--","--","--","--","--","1,918","--","--","-5","--","No","00:39:13","1","--","--","--","--","00:00:00","00:40:15","--","--"
Running,2025-09-04 10:51:42,false,"Eindhoven Carrera","6.02","537","00:32:04","165","172","3.7","166","238","5:20","4:00","5","8","1.14","8.0","9.1","261","5:18","433","0.0","424","645","--","--","--","5,322","--","--","-7","--","No","00:00:09.0","7","--","--","--","--","00:31:53","00:32:04","12","20"
Running,2025-08-30 10:14:32,false,"Eindhoven Carrera","5.01","458","00:31:26","141","152","2.9","168","177","6:16","4:56","6","8","0.94","8.8","8.3","272","6:17","353","0.0","351","468","--","--","--","5,334","--","--","-8","--","No","00:00:04.9","6","--","--","--","--","00:31:24","00:31:26","13","18"
Running,2025-08-29 20:41:08,false,"Eindhoven Carrera","8.02","704","00:43:31","157","170","3.8","164","177","5:26","4:23","5","6","1.12","8.1","9.0","261","5:25","425","0.0","412","595","--","--","--","7,148","--","--","-7","--","No","00:00:06.0","9","--","--","--","--","00:42:43","00:43:31","15","20"
Trail Running,2025-08-28 19:09:24,false,"Geldrop-Mierlo Trail running","14.22","1,331","01:24:26","157","173","4.3","164","177","5:56","4:10","19","22","1.02","8.4","8.6","266","5:55","375","0.0","367","659","--","--","--","13,994","--","--","-10","--","No","00:01:16.8","15","--","--","--","--","01:22:49","01:24:26","16","28"
Running,2025-08-25 10:22:31,false,"Eindhoven Carrera","10.02","881","00:55:07","155","166","3.9","161","176","5:30","3:56","16","15","1.13","8.0","9.1","262","5:29","415","0.0","400","608","--","--","--","8,940","--","--","-13","--","No","00:00:07.6","11","--","--","--","--","00:53:33","00:55:07","15","23"
Running,2025-08-23 10:13:38,false,"Eindhoven Carrera","4.97","426","00:25:30","158","183","3.4","168","197","5:08","1:03","11","9","1.16","7.9","9.1","257","5:05","448","0.0","434","742","--","--","--","4,292","--","--","-8","--","No","00:04:24.2","5","--","--","--","--","00:25:29","00:25:30","15","19"
Running,2025-08-20 19:44:18,false,"Eindhoven Carrera","5.01","445","00:29:22","146","153","3.0","165","174","5:51","1:33","9","9","1.02","8.5","8.6","268","5:54","378","0.0","370","1,546","--","--","--","4,896","--","--","-4","--","No","00:00:04.5","6","--","--","--","--","00:28:51","00:29:22","13","18"
Cardio,2025-08-18 19:39:30,false,"CrossFit","0.00","463","00:28:48","158","183","3.4","--","--","--","--","--","--","--","--","--","--","--","--","0.0","--","--","--","--","--","2,268","--","--","-5","--","No","00:28:48","1","--","--","--","--","00:00:00","00:36:56","--","--"
Running,2025-08-18 10:21:27,false,"Eindhoven Carrera","3.81","317","00:19:03","156","168","3.0","168","177","5:00","4:21","33","2","1.20","7.8","9.3","255","4:58","448","0.0","446","576","--","--","--","3,202","--","--","-6","--","No","00:04:05.6","4","--","--","--","--","00:19:02","00:19:03","-12","19"
Running,2025-08-16 10:20:54,false,"Eindhoven Carrera","5.01","432","00:26:48","154","164","3.2","169","177","5:21","4:29","2","2","1.10","8.1","8.9","260","5:21","412","0.0","410","525","--","--","--","4,538","--","--","-4","--","No","00:00:05.0","6","--","--","--","--","00:26:46","00:26:48","19","22"
Running,2025-08-15 08:27:14,false,"Eindhoven Carrera","5.88","503","00:29:54","162","174","3.5","168","177","5:05","3:56","4","6","1.18","7.8","9.1","255","5:04","442","0.0","433","595","--","--","--","5,004","--","--","-8","--","No","00:04:39.1","6","--","--","--","--","00:29:46","00:29:54","15","20"
Cycling,2025-08-13 19:46:47,false,"Eindhoven Ciclismo","38.33","1,126","01:42:04","128","166","3.5","--","--","22.5","31.3","70","70","--","--","--","--","--","--","0.0","--","--","--","--","--","--","--","--","-9","--","No","00:08:16.8","8","--","--","--","--","01:40:12","01:52:21","17","29"
Cardio,2025-08-11 19:37:44,false,"CrossFit","0.00","420","00:30:00","145","182","3.1","--","--","--","--","--","--","--","--","--","--","--","--","0.0","--","--","--","--","--","1,306","--","--","-4","--","No","00:30:00","1","--","--","--","--","00:00:00","00:40:26","--","--"
Running,2025-08-11 11:34:48,false,"Eindhoven Carrera","7.02","618","00:38:22","157","166","3.6","167","212","5:28","3:59","9","8","1.10","8.2","9.0","264","5:28","409","0.0","404","578","--","--","--","6,390","--","--","-10","--","No","00:00:05.8","8","--","--","--","--","00:38:20","00:38:22","13","19"
Cycling,2025-08-07 14:19:23,false,"Eindhoven Ciclismo","36.85","1,107","01:51:45","132","179","3.1","--","--","19.8","30.9","68","88","--","--","--","--","--","--","0.0","--","--","--","--","--","--","--","--","-9","--","No","00:06:02.6","8","--","--","--","--","01:47:10","01:56:08","10","38"
Cardio,2025-08-06 18:38:54,false,"CrossFit","0.00","503","00:30:50","158","179","3.6","--","--","--","--","--","--","--","--","--","--","--","--","0.0","--","--","--","--","--","3,046","--","--","-4","--","No","00:30:50","1","--","--","--","--","00:00:00","00:37:35","--","--"
Running,2025-08-05 11:13:43,false,"Eindhoven Carrera","9.03","770","00:46:53","156","176","4.1","165","183","5:11","3:48","17","19","1.17","7.9","9.2","257","5:09","436","0.0","427","631","--","--","--","7,808","--","--","-10","--","No","00:00:09.4","10","--","--","--","--","00:46:12","00:46:53","11","18"
Cardio,2025-08-04 19:39:25,false,"CrossFit","0.00","586","00:37:39","157","182","3.7","--","--","--","--","--","--","--","--","--","--","--","--","0.0","--","--","--","--","--","2,430","--","--","-3","--","No","00:37:39","1","--","--","--","--","00:00:00","00:37:39","--","--"
Running,2025-08-03 09:15:48,false,"Eindhoven Carrera","11.02","989","01:05:08","150","168","3.7","167","186","5:55","3:41","22","20","1.02","8.5","8.7","270","5:53","376","0.0","372","633","--","--","--","10,900","--","--","-15","--","No","00:00:10.2","12","--","--","--","--","01:04:59","01:05:08","15","27"
Running,2025-08-02 10:11:58,false,"Eindhoven Carrera","5.01","426","00:26:05","156","165","3.3","169","185","5:12","4:20","6","12","1.13","8.0","9.0","258","5:15","425","0.0","422","499","--","--","--","4,402","--","--","-5","--","No","00:00:01.9","6","--","--","--","--","00:26:00","00:26:05","13","21"
Cardio,2025-07-31 19:39:17,false,"CrossFit","0.00","469","00:33:55","144","184","3.0","--","--","--","--","--","--","--","--","--","--","--","--","0.0","--","--","--","--","--","2,868","--","--","-5","--","No","00:33:55","1","--","--","--","--","00:00:00","00:40:03","--","--"
Running,2025-07-30 19:45:42,false,"Eindhoven Carrera","4.96","439","00:28:53","146","173","3.1","166","191","5:49","3:27","16","16","1.03","8.4","8.6","267","5:49","389","0.0","376","657","--","--","--","4,828","--","--","-6","--","No","00:05:09.4","5","--","--","--","--","00:28:39","00:28:53","13","19"
Cardio,2025-07-28 19:38:03,false,"CrossFit","0.00","459","00:28:58","159","190","3.6","--","--","--","--","--","--","--","--","--","--","--","--","0.0","--","--","--","--","--","1,426","--","--","-7","--","No","00:28:58","1","--","--","--","--","00:00:00","00:39:56","--","--"
Running,2025-07-27 11:18:35,false,"Eindhoven Carrera","11.38","1,036","01:08:54","148","157","3.7","167","182","6:03","4:57","6","8","0.99","8.6","8.6","272","6:03","365","0.0","363","458","--","--","--","11,526","--","--","-19","--","No","00:02:14.6","12","--","35","24","43","01:08:38","01:10:14","17","21"
Running,2025-07-26 10:15:40,false,"Eindhoven Carrera","4.88","430","00:27:28","151","179","3.2","165","200","5:37","2:44","7","7","1.08","8.4","8.9","268","5:36","406","0.0","392","787","--","--","--","4,546","--","--","-8","--","No","00:04:02.4","5","--","--","--","--","00:27:26","00:27:28","16","20"
Cardio,2025-07-24 19:38:28,false,"CrossFit","0.00","428","00:34:13","135","177","2.9","--","--","--","--","--","--","--","--","--","--","--","--","0.0","--","--","--","--","--","1,458","--","--","-5","--","No","00:34:13","1","--","--","--","--","00:00:00","00:40:19","--","--"
Cycling,2025-07-22 20:44:19,false,"Heeze-Leende Ciclismo","16.50","617","00:40:26","149","169","3.3","--","--","24.5","39.6","54","63","--","--","--","--","--","--","0.0","--","--","--","--","--","--","--","--","-6","--","No","00:03:51.6","4","--","--","--","--","00:39:52","00:40:31","15","32"
Cycling,2025-07-22 19:14:46,false,"Eindhoven Ciclismo","20.51","782","00:47:53","157","175","4.0","--","--","25.7","35.8","63","55","--","--","--","--","--","--","0.0","--","--","--","--","--","--","--","--","-8","--","No","00:01:32.7","5","--","--","--","--","00:46:40","00:47:53","17","30"
Cardio,2025-07-21 18:38:28,false,"CrossFit","0.00","572","00:34:04","161","183","3.8","--","--","--","--","--","--","--","--","--","--","--","--","0.0","--","--","--","--","--","3,208","--","--","-6","--","No","00:34:04","1","--","--","--","--","00:00:00","00:36:26","--","--"
Running,2025-07-18 21:24:21,false,"Eindhoven Carrera","5.14","451","00:28:14","152","163","3.2","166","176","5:29","4:30","6","7","1.10","8.1","9.0","264","5:28","409","0.0","404","497","--","--","--","4,692","--","--","-4","--","No","00:00:48.1","6","--","--","--","--","00:28:07","00:28:14","14","19"
Cardio,2025-07-16 19:38:57,false,"CrossFit","0.00","373","00:23:19","155","180","3.2","--","--","--","--","--","--","--","--","--","--","--","--","0.0","--","--","--","--","--","1,062","--","--","-4","--","No","00:23:19","1","--","--","--","--","00:00:00","00:27:25","--","--"
Running,2025-07-13 19:05:38,false,"Eindhoven Carrera","7.83","688","00:42:53","154","164","3.5","165","177","5:29","4:29","6","8","1.10","8.2","9.0","265","5:28","410","0.0","402","522","--","--","--","7,096","--","--","-8","--","No","00:04:36.3","8","--","--","--","--","00:42:37","00:42:53","12","17"
Running,2025-07-12 10:13:33,false,"Eindhoven Carrera","5.03","450","00:29:14","145","156","3.0","168","175","5:49","3:49","7","8","1.03","8.5","8.7","269","5:49","381","0.0","381","600","--","--","--","4,898","--","--","-6","--","No","00:00:12.7","6","--","--","--","--","00:29:12","00:29:14","15","19"
Cardio,2025-07-09 19:38:58,false,"CrossFit","0.00","579","00:34:32","161","186","3.7","--","--","--","--","--","--","--","--","--","--","--","--","0.0","--","--","--","--","--","2,830","--","--","-7","--","No","00:34:32","1","--","--","--","--","00:00:00","00:36:19","--","--"
Running,2025-07-07 15:46:54,false,"Eindhoven Carrera","8.65","740","00:47:59","151","166","3.5","155","186","5:33","4:16","29","29","1.17","7.9","9.2","258","5:30","438","0.0","408","598","--","--","--","7,486","--","--","-9","--","No","00:03:29.8","9","--","34","20","46","00:45:08","00:47:59","15","23"
Running,2025-07-05 19:02:25,false,"Eindhoven Carrera","6.01","511","00:31:26","155","173","3.4","164","184","5:14","3:47","20","23","1.17","7.9","9.2","258","5:13","443","0.0","428","686","--","--","--","5,144","--","--","-7","--","No","00:00:01.3","7","--","--","--","--","00:30:36","00:31:26","12","18"
Cycling,2025-07-02 14:08:32,false,"Eindhoven Ciclismo","23.05","851","01:00:02","147","162","3.4","--","--","23.0","35.1","95","111","--","--","--","--","--","--","0.0","--","--","--","--","--","--","--","--","-11","--","No","00:09:09.8","5","--","--","--","--","00:58:46","01:10:02","17","38"
Cardio,2025-06-30 20:40:08,false,"CrossFit","0.00","565","00:39:32","151","216","3.3","--","--","--","--","--","--","--","--","--","--","--","--","0.0","--","--","--","--","--","1,974","--","--","-5","--","No","00:39:32","1","--","--","--","--","00:00:00","00:39:32","--","--"
Running,2025-06-28 10:14:58,false,"Eindhoven Carrera","4.88","440","00:28:21","152","164","3.1","166","176","5:49","4:30","9","7","1.04","8.5","8.8","270","5:47","380","0.0","377","518","--","--","--","4,718","--","--","-9","--","No","00:04:57.8","5","--","--","--","--","00:28:09","00:28:21","15","22"
Cardio,2025-06-26 16:38:22,false,"CrossFit","0.00","465","00:37:20","140","177","2.9","--","--","--","--","--","--","--","--","--","--","--","--","0.0","--","--","--","--","--","1,988","--","--","-3","--","No","00:37:20","1","--","--","--","--","00:00:00","00:37:20","--","--"
Running,2025-06-26 10:17:27,false,"Eindhoven Carrera","5.93","514","00:34:34","148","161","3.1","164","176","5:50","4:48","6","3","1.05","8.3","8.6","269","5:49","453","0.0","399","3,883","--","--","--","5,642","--","--","-7","--","No","00:05:06.4","6","--","--","--","--","00:34:31","00:34:34","15","19"
Running,2025-06-25 19:40:52,false,"Eindhoven Carrera","4.96","428","00:26:42","155","172","3.2","168","179","5:23","4:00","12","11","1.10","8.1","8.9","262","5:24","412","0.0","406","570","--","--","--","4,494","--","--","-4","--","No","00:04:55.9","5","--","--","--","--","00:26:33","00:26:42","11","16"
Running,2025-06-24 10:37:45,false,"Eindhoven Carrera","8.25","733","00:48:51","151","163","3.3","161","177","5:55","4:46","25","22","1.05","8.5","8.9","272","5:52","392","0.0","380","527","--","--","--","7,872","--","--","-8","--","No","00:01:28.7","9","--","--","--","--","00:48:15","00:48:51","15","22"
Multisport,2025-06-22 07:44:11,false,"Hoorn Multideporte","115.16","5,171","06:54:14","--","201","5.0","--","--","16.7","--","401","389","--","--","--","--","--","--","0.0","--","--","--","--","--","--","--","--","--","--","No","--:--:--","5","--","--","--","--","--:--:--","06:54:14","-17","11"
Cycling,2025-06-20 14:27:53,false,"Eindhoven Ciclismo","19.98","649","00:54:30","137","160","3.0","--","--","22.0","31.6","65","81","--","--","--","--","--","--","0.0","--","--","--","--","--","--","--","--","-7","--","No","00:00:03.1","5","--","--","--","--","00:51:53","00:54:30","17","38"
Running,2025-06-18 10:12:48,false,"Eindhoven Carrera","5.20","467","00:28:43","155","163","3.2","166","177","5:31","4:44","7","7","1.10","8.2","9.0","265","5:29","413","0.0","407","517","--","--","--","4,774","--","--","-7","--","No","00:01:18.8","6","--","--","--","--","00:28:23","00:28:43","15","20"
Cardio,2025-06-16 18:38:26,false,"CrossFit","0.00","511","00:37:57","144","178","3.0","--","--","--","--","--","--","--","--","--","--","--","--","0.0","--","--","--","--","--","1,640","--","--","-5","--","No","00:37:57","1","--","--","--","--","00:00:00","00:37:57","--","--"
Running,2025-06-14 10:18:43,false,"Eindhoven Carrera","6.01","558","00:36:10","151","164","3.1","165","181","6:01","4:51","5","4","1.01","8.6","8.7","274","6:01","375","0.0","373","495","--","--","--","5,980","--","--","-4","--","No","00:00:01.2","7","--","--","--","--","00:36:09","00:36:10","17","22"
Cycling,2025-06-13 13:10:46,false,"Helmond Ciclismo","23.03","887","01:07:09","139","159","3.2","--","--","20.6","33.6","66","67","--","--","--","--","--","--","0.0","--","--","--","--","--","--","--","--","-8","--","No","00:10:09","5","--","--","--","--","01:03:07","01:07:09","14","26"
Open Water Swimming,2025-06-13 11:42:48,false,"Helmond Natación en aguas abiertas","2,030","811","00:53:01","148","169","3.4","--","--","2:37","1:12","--","--","--","--","--","--","--","--","0.0","--","--","1672","60","31","--","--","--","-9","20.0","No","00:00:46.9","5","33.0","--","--","--","00:52:21","00:56:47","--","--"
Cycling,2025-06-13 10:18:17,false,"Eindhoven Ciclismo","20.29","707","01:00:00","137","162","3.0","--","--","20.3","31.4","65","58","--","--","--","--","--","--","0.0","--","--","--","--","--","--","--","--","-9","--","No","00:02:22.5","5","--","--","--","--","00:55:50","01:00:27","13","24"
Cycling,2025-06-12 16:16:58,false,"Eindhoven Ciclismo","43.55","1,365","01:46:01","147","165","3.8","--","--","24.6","33.5","172","169","--","--","--","--","--","--","0.0","--","--","--","--","--","--","--","--","-12","--","No","00:09:25.9","9","--","--","--","--","01:41:39","01:51:19","13","34"
Cycling,2025-06-11 13:21:39,false,"Eindhoven Ciclismo","27.59","997","01:06:52","150","171","3.7","--","--","24.8","33.6","84","101","--","--","--","--","--","--","0.0","--","--","--","--","--","--","--","--","-13","--","No","00:06:35.6","6","--","--","--","--","01:06:34","01:06:52","15","43"
Multisport,2025-06-09 10:59:47,false,"Eindhoven Multideporte","49.42","2,533","02:56:38","--","176","5.0","--","--","16.8","--","207","193","--","--","--","--","--","--","0.0","--","--","--","--","--","--","--","--","--","--","No","--:--:--","5","--","--","--","--","--:--:--","02:56:38","2","24"
Running,2025-06-06 19:28:43,false,"Eindhoven Carrera","8.08","737","00:46:58","154","165","3.5","161","177","5:49","4:44","6","6","1.07","8.2","8.8","265","5:47","400","0.0","385","543","--","--","--","7,588","--","--","-8","--","No","00:00:27.5","9","--","--","--","--","00:45:37","00:46:58","14","20"
Running,2025-06-04 19:21:38,false,"Eindhoven Carrera","5.00","431","00:26:01","157","170","3.3","170","178","5:12","4:31","7","9","1.13","7.9","8.9","257","5:11","434","0.0","431","540","--","--","--","4,422","--","--","-4","--","No","00:04:51.1","5","--","--","--","--","00:26:00","00:26:01","14","20"
Cycling,2025-06-03 15:36:08,false,"Eindhoven Ciclismo","23.02","907","01:00:14","156","172","3.8","--","--","22.9","33.1","101","118","--","--","--","--","--","--","0.0","--","--","--","--","--","--","--","--","-9","--","No","00:10:11","5","--","--","--","--","00:58:33","01:00:14","16","38"
Cardio,2025-06-02 19:39:08,false,"CrossFit","0.00","518","00:36:55","151","184","3.2","--","--","--","--","--","--","--","--","--","--","--","--","0.0","--","--","--","--","--","2,720","--","--","-4","--","No","00:36:55","1","--","--","--","--","00:00:00","00:36:55","--","--"
Running,2025-06-01 17:46:51,false,"Eindhoven Carrera","21.01","1,928","02:01:05","164","177","5.0","163","176","5:46","3:57","12","33","1.07","8.4","8.9","270","5:46","403","0.0","394","609","--","--","--","19,746","--","--","-17","--","No","00:00:03.6","22","--","--","--","--","01:59:43","02:01:06","11","35"
Cycling,2025-05-30 12:25:31,false,"Helmond Ciclismo","20.20","996","01:05:18","157","172","4.0","--","--","18.6","31.2","94","96","--","--","--","--","--","--","0.0","--","--","--","--","--","--","--","--","-12","--","No","00:00:48.9","5","--","--","--","--","01:02:20","01:05:18","12","21"
Open Water Swimming,2025-05-30 10:56:46,false,"Helmond Natación en aguas abiertas","1,625","716","00:47:57","152","178","3.5","--","--","2:57","1:07","--","--","--","--","--","--","--","--","0.0","--","--","1365","65","29","--","--","--","-12","17.0","No","00:03:13.0","4","19.0","--","--","--","00:43:50","01:05:26","--","--"
Cycling,2025-05-30 09:26:11,false,"Eindhoven Ciclismo","17.11","681","00:46:52","157","177","3.6","--","--","21.9","33.0","48","42","--","--","--","--","--","--","0.0","--","--","--","--","--","--","--","--","-12","--","No","00:06:51.3","4","--","--","--","--","00:44:03","00:46:52","11","21"
Cardio,2025-05-26 19:40:12,false,"CrossFit","0.00","542","00:38:00","151","178","3.1","--","--","--","--","--","--","--","--","--","--","--","--","0.0","--","--","--","--","--","2,708","--","--","-5","--","No","00:38:00","1","--","--","--","--","00:00:00","00:38:00","--","--"
Running,2025-05-26 14:38:43,false,"Eindhoven Carrera","15.03","1,345","01:28:05","154","169","4.3","162","177","5:51","4:01","26","25","1.05","8.3","8.7","267","5:50","404","0.0","390","617","--","--","--","14,288","--","--","-17","--","No","00:00:11.0","16","--","--","--","--","01:25:38","01:28:05","16","22"
Cycling,2025-05-23 16:05:09,false,"'s-Hertogenbosch Ciclismo","52.12","1,731","02:35:51","144","161","3.7","--","--","20.1","33.8","204","186","--","--","--","--","--","--","0.0","--","--","--","--","--","--","--","--","-13","--","No","00:08:00.0","11","--","32","19","41","02:26:09","02:49:35","-1","24"
Cycling,2025-05-23 10:05:09,false,"Eindhoven Ciclismo","43.41","1,574","01:57:58","152","166","3.9","--","--","22.1","31.8","190","200","--","--","--","--","--","--","0.0","--","--","--","--","--","--","--","--","-25","--","No","00:09:48.9","9","--","35","21","49","01:56:33","02:13:44","0","26"
Running,2025-05-21 19:41:11,false,"Eindhoven Carrera","5.00","421","00:25:24","159","180","3.3","169","196","5:05","3:03","17","23","1.16","7.8","9.0","256","5:06","454","0.0","446","791","--","--","--","4,310","--","--","-3","--","No","00:00:01.0","6","--","--","--","--","00:25:23","00:25:24","11","21"
Running,2025-05-20 15:50:03,false,"Eindhoven Carrera","10.03","921","01:00:39","154","172","3.7","158","176","6:03","4:25","10","9","1.05","8.4","8.8","269","6:01","390","0.0","374","554","--","--","--","9,624","--","--","-9","--","No","00:00:08.3","11","--","32","14","41","00:57:47","01:00:39","15","21"
Cardio,2025-05-19 19:41:25,false,"CrossFit","0.00","509","00:36:44","148","184","3.0","--","--","--","--","--","--","--","--","--","--","--","--","0.0","--","--","--","--","--","2,346","--","--","-3","--","No","00:36:44","1","--","--","--","--","00:00:00","00:36:44","--","--"
Cycling,2025-05-19 14:15:20,false,"Eindhoven Ciclismo","60.06","2,005","02:47:56","147","165","4.1","--","--","21.5","30.4","161","174","--","--","--","--","--","--","0.0","--","--","--","--","--","--","--","--","-21","--","No","00:00:10.1","13","--","33","12","50","02:44:51","03:07:10","17","54"
Running,2025-05-17 10:12:20,false,"Eindhoven Carrera","5.01","446","00:27:18","161","178","3.4","168","179","5:27","4:05","8","4","1.10","8.1","8.8","260","5:24","419","0.0","413","581","--","--","--","4,622","--","--","-5","--","No","00:00:01.8","6","--","--","--","--","00:27:01","00:27:18","15","23"
Cycling,2025-05-16 14:37:43,false,"Eindhoven Ciclismo","41.07","1,471","02:01:50","147","173","4.0","--","--","20.2","30.0","161","159","--","--","--","--","--","--","0.0","--","--","--","--","--","--","--","--","-14","--","No","00:03:23.0","9","--","--","--","--","01:57:40","02:06:57","14","26"
Cardio,2025-05-15 20:40:12,false,"CrossFit","0.00","519","00:36:23","152","200","3.2","--","--","--","--","--","--","--","--","--","--","--","--","0.0","--","--","--","--","--","2,446","--","--","-4","--","No","00:36:23","1","--","--","--","--","00:00:00","00:36:23","--","--"
Running,2025-05-13 13:27:25,false,"Eindhoven Carrera","13.02","1,173","01:16:43","155","167","4.0","164","226","5:54","4:03","14","14","1.04","8.5","8.8","271","5:52","398","0.0","388","610","--","--","--","12,572","--","--","-15","--","No","00:00:05.9","14","--","--","--","--","01:16:10","01:16:43","16","25"
Cycling,2025-05-12 14:19:45,false,"Eindhoven Ciclismo","23.09","857","01:04:41","149","174","3.4","--","--","21.4","30.1","66","65","--","--","--","--","--","--","0.0","--","--","--","--","--","--","--","--","-10","--","No","00:11:22","5","--","--","--","--","01:01:27","01:04:41","14","24"
Running,2025-05-11 10:16:23,false,"Eindhoven Carrera","12.27","1,170","01:19:49","155","173","3.7","161","180","6:30","4:21","15","15","0.94","8.9","8.3","277","6:30","346","0.0","340","582","--","--","--","13,342","--","--","-19","--","No","00:01:33.4","13","--","35","28","42","01:19:38","01:19:49","15","21"
Running,2025-05-05 09:28:19,false,"Eindhoven Carrera","11.70","1,082","01:12:17","151","170","3.7","158","177","6:11","4:42","16","12","1.02","8.5","8.5","271","6:08","370","0.0","358","514","--","--","--","11,826","--","--","-18","--","No","00:04:06.6","12","--","--","--","--","01:10:52","01:13:34","11","21"
Cycling,2025-05-03 09:02:26,false,"Eindhoven Ciclismo","55.01","1,755","02:17:26","153","174","4.0","--","--","24.0","37.4","169","163","--","--","--","--","--","--","0.0","--","--","--","--","--","--","--","--","-23","--","No","00:00:02.2","12","--","33","17","40","02:13:30","02:19:22","14","37"
Cardio,2025-05-02 11:08:49,false,"CrossFit","0.00","425","00:32:48","147","191","2.9","--","--","--","--","--","--","--","--","--","--","--","--","0.0","--","--","--","--","--","2,116","--","--","-5","--","No","00:32:48","1","--","--","--","--","00:00:00","00:32:48","--","--"
Running,2025-05-01 17:44:09,false,"Eindhoven Carrera","4.45","378","00:22:18","164","177","3.3","166","176","5:01","4:05","1","5","1.20","7.8","9.3","256","5:03","461","0.0","451","590","--","--","--","3,700","--","--","-3","--","No","00:02:13.6","5","--","--","--","--","00:22:00","00:22:18","29","34"
Running,2025-04-30 19:43:38,false,"Eindhoven Carrera","5.06","459","00:29:38","154","166","3.2","168","176","5:52","4:41","6","6","1.01","8.5","8.6","269","5:53","388","0.0","384","534","--","--","--","4,978","--","--","-4","--","No","00:00:22.5","6","--","--","--","--","00:29:37","00:29:38","15","21"
Running,2025-04-29 21:35:46,false,"Eindhoven Carrera","4.04","361","00:23:03","156","169","3.0","164","176","5:43","4:21","2","--","1.06","8.4","8.9","271","5:43","401","0.0","396","546","--","--","--","3,784","--","--","-3","--","No","00:00:13.2","5","--","--","--","--","00:22:58","00:23:03","14","17"
Strength Training,2025-04-28 20:37:51,false,"Fuerza","0.00","436","00:38:36","133","166","2.3","--","--","--","--","--","--","--","--","--","--","--","--","0.0","--","--","--","--","--","8","4","1","-3","--","No","00:38:36","1","--","--","--","--","00:38:36","00:38:36","--","--"
Cycling,2025-04-28 15:03:44,false,"Eindhoven Ciclismo","71.06","1,937","03:05:28","143","170","3.8","--","--","23.0","34.8","273","271","--","--","--","--","--","--","0.0","--","--","--","--","--","--","--","--","-22","--","No","00:03:10.4","15","--","--","--","--","02:57:27","03:11:05","15","44"
Running,2025-04-27 07:30:52,false,"Eindhoven Carrera","8.02","717","00:46:08","156","167","3.6","164","177","5:45","4:18","9","8","1.06","8.3","8.7","265","5:43","396","0.0","386","562","--","--","--","7,618","--","--","-14","--","No","00:00:05.3","9","--","--","--","--","00:45:28","00:46:08","14","20"
Cardio,2025-04-25 09:12:39,false,"CrossFit","0.00","466","00:37:53","142","207","2.8","--","--","--","--","--","--","--","--","--","--","--","--","0.0","--","--","--","--","--","2,370","--","--","-9","--","No","00:37:53","1","--","--","--","--","00:00:00","00:37:53","--","--"
Running,2025-04-23 19:41:17,false,"Eindhoven Carrera","5.10","454","00:29:08","155","165","3.2","167","176","5:42","4:16","5","8","1.05","8.4","8.8","268","5:45","392","0.0","390","576","--","--","--","4,864","--","--","-5","--","No","00:00:34.3","6","--","--","--","--","00:28:59","00:29:08","15","22"
Cycling,2025-04-22 14:28:09,false,"Eindhoven Ciclismo","50.36","1,442","02:02:12","151","169","3.9","--","--","24.7","35.8","178","179","--","--","--","--","--","--","0.0","--","--","--","--","--","--","--","--","-14","--","No","00:00:48.4","11","--","32","20","40","01:57:46","02:02:12","12","28"
Cycling,2025-04-19 17:13:25,false,"Eindhoven Ciclismo","22.07","621","00:53:15","139","163","3.0","--","--","24.9","34.5","78","81","--","--","--","--","--","--","0.0","--","--","--","--","--","--","--","--","-7","--","No","00:05:22.1","5","--","--","--","--","00:52:28","00:53:15","13","25"
Running,2025-04-19 10:13:35,false,"Eindhoven Carrera","4.63","430","00:30:45","148","157","2.8","165","174","6:38","4:31","6","4","0.92","9.1","8.3","281","6:35","350","0.0","342","524","--","--","--","5,098","--","--","-8","--","No","00:04:17.2","5","--","--","--","--","00:30:43","00:30:49","10","14"
Running,2025-04-18 21:13:55,false,"Eindhoven Carrera","5.62","495","00:29:59","164","172","3.6","166","176","5:20","4:09","7","7","1.13","8.0","9.0","261","5:20","425","0.0","419","570","--","--","--","4,992","--","--","-5","--","No","00:03:20.7","6","--","--","--","--","00:29:43","00:29:59","11","17"
Cardio,2025-04-16 19:38:44,false,"CrossFit","0.00","505","00:36:53","150","177","3.2","--","--","--","--","--","--","--","--","--","--","--","--","0.0","--","--","--","--","--","1,556","--","--","-4","--","No","00:36:53","1","--","--","--","--","00:00:00","00:36:53","--","--"
Running,2025-04-15 13:43:30,false,"Eindhoven Carrera","15.04","1,383","01:25:11","167","178","4.9","166","175","5:40","4:10","19","20","1.06","8.3","8.8","267","5:40","408","0.0","403","569","--","--","--","14,156","--","--","-16","--","No","00:00:11.6","16","--","--","--","--","01:24:30","01:25:11","11","18"
Running,2025-04-13 14:52:46,false,"Eindhoven Carrera","8.01","696","00:43:44","158","180","4.1","166","237","5:27","4:42","7","11","1.10","8.2","9.0","265","5:27","421","0.0","418","545","--","--","--","7,258","--","--","-8","--","No","00:00:05.0","9","--","--","--","--","00:43:36","00:43:44","11","19"
Cycling,2025-04-11 16:14:16,false,"Veldhoven Ciclismo","40.16","1,274","01:30:46","160","179","4.6","--","--","26.5","37.6","84","84","--","--","--","--","--","--","0.0","--","--","--","--","--","--","--","--","-3","--","No","00:00:28.3","9","--","--","--","--","01:30:27","01:31:13","13","27"
Cardio,2025-04-10 09:10:41,false,"CrossFit","0.00","515","00:37:16","152","185","3.5","--","--","--","--","--","--","--","--","--","--","--","--","0.0","--","--","--","--","--","1,724","--","--","-9","--","No","00:37:16","1","--","--","--","--","00:00:00","00:37:16","--","--"
Running,2025-04-08 10:46:34,false,"Eindhoven Carrera","13.45","1,254","01:17:18","170","181","5.0","164","176","5:45","4:47","13","10","1.06","8.3","8.8","266","5:44","397","0.0","388","510","--","--","--","12,732","--","--","-14","--","No","00:03:47.9","14","--","--","--","--","01:16:05","01:21:30","14","21"
Cycling,2025-04-07 14:54:57,false,"Eindhoven Ciclismo","35.84","1,236","02:30:54","124","145","2.3","--","--","14.3","23.0","31","52","--","--","--","--","--","--","0.0","--","--","--","--","--","--","--","--","-10","--","No","00:03:02.3","8","--","--","--","--","02:23:07","03:12:36","9","36"
Running,2025-04-07 10:53:58,false,"Eindhoven - Base","6.01","542","00:37:24","156","168","3.3","164","176","6:14","4:34","4","7","0.97","8.8","8.5","276","6:14","369","0.0","362","577","--","--","--","6,160","--","--","-10","--","No","00:01:24.1","7","--","--","--","--","00:37:22","00:37:24","9","16"
Running,2025-04-02 19:44:02,false,"Eindhoven Carrera","5.08","448","00:29:06","154","179","3.4","169","233","5:44","2:15","10","12","1.02","8.4","8.5","265","5:45","389","0.0","387","938","--","--","--","4,930","--","--","-6","--","No","00:00:13.5","6","--","--","--","--","00:29:02","00:29:06","16","23"
Running,2025-03-30 10:20:04,false,"Eindhoven Carrera","17.02","1,540","01:49:30","149","165","4.1","161","177","6:26","4:49","27","26","0.98","8.7","8.3","277","6:26","341","0.0","336","499","--","--","--","18,260","--","--","-25","--","No","00:00:07.0","18","--","--","--","--","01:49:27","01:49:30","17","24"
Running,2025-03-27 18:02:35,false,"Eindhoven Carrera","11.43","1,060","01:08:19","162","174","4.3","165","179","5:59","4:16","7","5","1.02","8.5","8.7","271","5:58","379","0.0","374","547","--","--","--","11,270","--","--","-12","--","No","00:02:35.3","12","--","--","--","--","01:07:44","01:08:19","15","20"
Cardio,2025-03-27 09:07:49,false,"CrossFit","0.00","463","00:33:07","156","180","3.4","--","--","--","--","--","--","--","--","--","--","--","--","0.0","--","--","--","--","--","1,764","--","--","-7","--","No","00:33:07","1","--","--","--","--","00:00:00","00:33:07","--","--"
Running,2025-03-26 19:39:54,false,"Eindhoven Carrera","5.03","462","00:28:06","167","190","3.9","166","176","5:35","3:47","4","4","1.08","8.3","8.9","267","5:35","421","0.0","404","601","--","--","--","4,678","--","--","-8","--","No","00:00:09.0","6","--","--","--","--","00:28:00","00:28:06","16","21"
Running,2025-03-24 20:04:04,false,"Eindhoven Carrera","3.70","324","00:20:00","161","178","3.3","164","247","5:24","4:16","2","6","1.13","8.0","9.0","264","5:22","419","0.0","410","545","--","--","--","3,316","--","--","-5","--","No","00:03:41.8","4","--","--","--","--","00:19:59","00:20:00","11","16"
Running,2025-03-20 20:52:06,false,"Eindhoven Carrera","8.02","723","00:47:38","156","178","3.9","153","177","5:57","4:26","11","6","1.11","8.1","8.8","262","5:57","405","0.0","373","552","--","--","--","7,380","--","--","-6","--","No","00:00:07.6","9","--","--","--","--","00:44:32","00:47:38","14","21"
Running,2025-03-16 10:11:14,false,"Eindhoven Carrera","12.13","1,136","01:16:40","155","167","4.0","164","174","6:19","4:59","19","18","0.97","8.7","8.4","275","6:19","352","0.0","350","477","--","--","--","12,778","--","--","-18","--","No","00:00:51.9","13","--","--","--","--","01:16:27","01:16:40","17","23"
Running,2025-03-09 19:48:53,false,"La Plata Carrera","5.63","505","00:32:36","157","167","3.4","165","171","5:48","5:18","--","1","1.05","8.5","8.9","273","5:48","387","0.0","385","440","--","--","--","5,358","--","--","-5","--","No","00:03:33.1","6","--","--","--","--","00:32:35","00:32:36","4","7"
Running,2025-03-06 20:35:34,false,"La Plata Carrera","5.07","449","00:27:15","167","180","3.6","167","174","5:23","4:54","5","3","1.12","8.1","9.1","266","5:23","422","0.0","420","505","--","--","--","4,522","--","--","-5","--","No","00:00:21.8","6","--","--","--","--","00:27:14","00:27:15","7","12"
Running,2025-03-05 09:00:27,false,"La Plata Carrera","12.04","1,141","01:16:04","166","182","4.6","152","250","6:19","3:56","27","27","1.03","8.1","8.3","276","6:15","383","0.0","348","604","--","--","--","11,622","--","--","-20","--","No","00:00:14.5","13","--","--","--","--","01:15:10","01:16:04","13","28"
Hiking,2025-03-03 08:12:22,false,"Calamuchita Senderismo","6.11","608","01:56:57","96","152","2.1","70","233","19:08","8:51","159","420","0.75","--","--","--","--","--","0.0","--","--","--","--","--","9,970","--","--","-5","--","No","01:56:57","1","--","--","--","--","01:35:01","01:56:57","1,878","2,165"
Hiking,2025-03-02 08:11:39,false,"Calamuchita Senderismo","11.58","3,335","07:48:24","120","170","3.6","22","238","40:27","3:01","842","828","1.10","--","--","--","--","--","0.0","--","--","--","--","--","18,674","--","--","-2","--","No","07:48:24","1","--","--","--","--","03:14:33","07:58:16","2,138","2,808"
Hiking,2025-03-01 11:01:42,false,"Calamuchita Senderismo","14.45","3,425","07:14:27","130","174","3.9","33","245","30:05","7:38","1,140","338","1.00","--","--","--","--","--","0.0","--","--","--","--","--","22,592","--","--","-34","--","No","07:14:27","1","--","--","--","--","04:10:46","07:14:27","1,333","2,160"
Running,2025-02-24 20:11:39,false,"La Plata Carrera","4.79","422","00:25:13","172","185","3.8","169","187","5:16","4:09","1","2","1.13","8.0","8.9","258","5:12","451","0.0","430","543","--","--","--","4,254","--","--","-7","--","No","00:04:23.3","5","--","--","--","--","00:25:11","00:25:13","8","10"
Running,2025-02-22 08:28:04,false,"La Plata Carrera","11.01","1,024","01:06:23","166","180","4.9","158","241","6:02","4:37","36","25","1.05","8.2","8.6","270","5:58","393","0.0","371","556","--","--","--","10,502","--","--","-11","--","No","00:00:02.2","12","--","--","--","--","01:05:59","01:06:23","9","28"
Running,2025-02-20 18:20:47,false,"La Plata Carrera","5.02","472","00:28:03","171","184","4.0","160","181","5:35","4:27","17","13","1.12","8.1","9.0","264","5:34","418","0.0","407","529","--","--","--","4,532","--","--","--","--","No","00:00:07.6","6","--","--","--","--","00:27:12","00:28:03","8","22"
Running,2025-02-19 19:45:05,false,"La Plata Carrera","3.60","247","00:15:38","162","190","3.4","164","196","4:20","3:01","5","--","1.38","6.8","9.4","227","4:19","529","0.0","514","739","--","--","--","2,652","--","--","-5","--","No","00:02:54.7","4","--","--","--","--","00:15:13","00:25:49","8","12"
Running,2025-02-15 09:55:42,false,"Olavarría Carrera","6.62","598","00:34:42","175","185","4.6","168","186","5:15","4:05","10","10","1.13","7.9","9.0","259","5:14","438","0.0","433","663","--","--","--","5,816","--","--","-11","--","No","00:03:21.6","7","--","--","--","--","00:34:40","00:34:42","161","166"
Running,2025-02-13 19:43:30,false,"La Plata Carrera","4.40","390","00:21:59","174","180","3.8","167","178","5:00","4:18","1","--","1.20","7.8","9.3","257","5:00","450","0.0","445","556","--","--","--","3,672","--","--","-3","--","No","00:02:05.9","5","--","--","--","--","00:21:57","00:21:59","10","12"
Hiking,2025-02-11 08:19:22,false,"Ushuaia Senderismo","9.71","936","03:08:30","94","143","1.6","59","250","19:24","9:04","277","274","0.87","--","--","--","--","--","0.0","--","--","--","--","--","14,730","--","--","-17","--","No","03:08:30","1","--","--","--","--","02:17:10","03:08:30","248","407"
Hiking,2025-02-10 09:20:37,false,"Ushuaia Senderismo","12.73","1,904","04:42:41","112","154","2.8","57","243","22:13","4:50","629","632","0.79","--","--","--","--","--","0.0","--","--","--","--","--","20,768","--","--","-15","--","No","04:42:41","1","--","--","--","--","03:00:53","04:42:42","185","737"
Hiking,2025-02-09 09:35:24,false,"Ushuaia Senderismo","20.19","2,090","06:23:45","100","151","1.4","67","247","19:00","4:50","427","550","0.78","--","--","--","--","--","0.0","--","--","--","--","--","30,526","--","--","-37","--","No","06:23:45","1","--","--","--","--","04:40:22","07:02:22","6","140"
Hiking,2025-02-07 11:39:24,false,"Lago Argentino Senderismo","5.68","865","02:25:16","103","147","2.0","45","160","25:36","8:30","259","270","0.87","--","--","--","--","--","0.0","--","--","--","--","--","8,740","--","--","-10","--","No","02:25:16","1","--","--","--","--","01:19:40","02:25:16","513","734"
Hiking,2025-02-06 07:51:46,false,"Lago Argentino Senderismo","24.01","3,315","09:20:38","104","156","2.4","55","200","23:21","5:40","1,573","1,581","0.77","--","--","--","--","--","0.0","--","--","--","--","--","38,652","--","--","-31","--","No","09:20:38","1","--","--","--","--","06:24:20","09:20:38","403","1,223"
Hiking,2025-02-05 10:47:09,false,"Laguna torre Senderismo","18.93","2,094","05:53:16","106","147","1.3","71","188","18:40","6:07","557","550","0.75","--","--","--","--","--","0.0","--","--","--","--","--","30,102","--","--","-32","--","No","05:53:16","1","--","--","--","--","04:46:14","06:51:59","426","658"
Running,2025-01-31 19:57:28,false,"La Plata Carrera","3.51","314","00:18:30","168","179","3.3","157","176","5:16","4:23","1","--","1.20","7.7","9.2","254","5:16","453","0.0","427","582","--","--","--","2,928","--","--","--","--","No","00:03:53.4","4","--","--","--","--","00:17:35","00:18:30","8","10"
Running,2025-01-30 06:48:36,false,"La Plata Carrera","10.63","1,041","01:00:44","175","186","4.8","163","247","5:43","4:16","37","18","1.07","8.2","8.7","266","5:40","406","0.0","393","564","--","--","--","9,922","--","--","-9","--","No","00:03:31.0","11","--","--","--","--","01:00:31","01:00:44","10","43"
Running,2025-01-25 10:12:38,false,"Eindhoven Carrera","5.00","480","00:31:14","150","166","3.1","164","194","6:15","4:47","6","11","0.97","8.7","8.5","274","6:15","361","0.0","355","509","--","--","--","5,186","--","--","-8","--","No","00:00:02.7","6","--","34","17","42","00:31:03","00:31:14","8","17"
Running,2025-01-22 19:41:22,false,"Eindhoven Carrera","5.01","410","00:27:31","138","149","3.0","166","176","5:30","4:14","12","16","1.09","8.2","8.9","266","5:33","412","0.0","405","569","--","--","--","4,604","--","--","-6","--","No","00:00:03.0","6","--","--","--","--","00:27:30","00:27:31","6","15"
Cardio,2025-01-21 17:39:03,false,"CrossFit","0.00","503","00:35:47","151","185","3.2","--","--","--","--","--","--","--","--","--","--","--","--","0.0","--","--","--","--","--","2,542","--","--","-7","--","No","00:35:47","1","--","--","--","--","00:00:00","00:35:48","--","--"
Hiking,2025-01-20 10:30:04,false,"Esch-sur-Sûre Senderismo","14.09","1,516","04:31:53","100","138","1.2","68","236","19:17","6:00","577","526","0.76","--","--","--","--","--","0.0","--","--","--","--","--","20,710","--","--","-19","--","No","04:31:53","1","--","--","--","--","02:58:58","04:31:53","272","454"
Hiking,2025-01-19 11:24:25,false,"Vianden Senderismo","10.83","1,053","03:18:03","97","132","0.9","71","182","18:16","6:13","248","258","0.77","--","--","--","--","--","0.0","--","--","--","--","--","15,862","--","--","-1","--","No","03:18:03","1","--","--","--","--","02:23:44","03:18:03","205","328"
Hiking,2025-01-18 10:48:49,false,"Parc Hosingen Senderismo","17.80","2,106","05:34:39","110","152","1.8","73","154","18:47","8:33","700","834","0.73","--","--","--","--","--","0.0","--","--","--","--","--","27,498","--","--","-16","--","No","05:34:39","1","--","--","--","--","04:07:34","05:34:39","232","504"
Hiking,2025-01-17 10:34:42,false,"Berdorf Senderismo","19.20","2,421","06:10:06","112","167","2.1","57","226","19:16","4:21","553","599","0.91","--","--","--","--","--","0.0","--","--","--","--","--","25,724","--","--","-27","--","No","06:10:06","1","--","--","--","--","03:38:44","06:10:06","188","378"
Running,2025-01-14 10:54:56,false,"Eindhoven Carrera","4.02","356","00:23:07","151","178","2.9","168","180","5:45","4:55","4","9","1.04","8.4","8.7","266","5:45","399","0.0","393","505","--","--","--","3,874","--","--","-3","--","No","00:00:08.9","5","--","33","24","38","00:23:05","00:23:07","29","38"
Cycling,2025-01-14 09:40:11,false,"Eindhoven Ciclismo","23.14","823","01:06:16","143","161","3.2","--","--","21.0","29.7","40","54","--","--","--","--","--","--","0.0","--","--","--","--","--","--","--","--","-6","--","No","00:10:02","5","--","30","19","38","01:02:49","01:06:16","17","41"
Running,2025-01-13 16:41:11,false,"Eindhoven Carrera","22.22","2,076","02:05:03","169","182","5.0","163","176","5:38","3:42","26","28","1.09","8.2","8.9","266","5:37","407","0.0","397","664","--","--","--","20,424","--","--","-20","--","No","00:01:23.0","23","--","--","--","--","02:03:12","02:05:05","11","20"
Padel,2025-01-11 14:12:30,false,"Pádel","0.11","536","01:18:12","109","143","1.1","8","237","0.1","11.5","--","--","0.18","--","--","--","--","--","0.0","--","--","--","--","--","2,220","--","--","-9","--","No","01:18:12","1","--","--","--","--","00:01:37","01:18:12","--","--"
Running,2025-01-08 19:41:25,false,"Eindhoven Carrera","5.00","448","00:25:27","171","185","3.7","170","183","5:06","4:07","14","15","1.15","7.8","9.0","255","5:07","448","0.0","440","625","--","--","--","4,322","--","--","-4","--","No","00:04:33.9","5","--","39","28","43","00:25:25","00:25:27","11","17"
Running,2025-01-05 09:45:41,false,"Eindhoven Carrera","4.87","405","00:22:34","166","186","3.7","171","184","4:38","3:58","4","2","1.26","7.5","9.3","246","4:38","492","0.0","487","627","--","--","--","3,858","--","--","-8","--","No","00:04:00.6","5","--","--","--","--","00:22:33","00:22:34","15","19"
Running,2025-01-04 10:14:28,false,"Eindhoven Carrera","5.03","465","00:28:03","163","176","3.4","168","176","5:35","2:25","7","7","1.06","8.3","8.8","265","5:35","403","0.0","400","669","--","--","--","4,724","--","--","-7","--","No","00:00:06.3","6","--","--","--","--","00:28:03","00:28:03","16","22"
Cardio,2025-01-03 08:07:21,false,"CrossFit","0.00","526","00:39:17","144","179","3.0","--","--","--","--","--","--","--","--","--","--","--","--","0.0","--","--","--","--","--","1,876","--","--","-8","--","No","00:39:17","1","--","--","--","--","00:00:00","00:39:17","--","--"
Running,2025-01-01 19:41:02,false,"Eindhoven Carrera","5.10","477","00:32:01","142","161","3.0","165","176","6:17","5:42","10","13","0.97","8.8","8.5","275","6:16","374","0.0","367","503","--","--","--","5,298","--","--","-5","--","No","00:01:06.5","6","--","--","--","--","00:31:40","00:32:01","11","18"
Running,2024-12-30 19:18:01,false,"Eindhoven Carrera","6.50","532","00:36:54","134","142","3.0","166","174","5:41","4:35","8","8","1.06","8.3","8.9","268","5:39","406","0.0","402","576","--","--","--","6,136","--","--","-5","--","No","00:03:00.6","7","--","--","--","--","00:36:46","00:36:54","12","19"
Strength Training,2024-12-28 10:07:40,false,"Fuerza","0.00","354","00:39:26","117","159","1.7","--","--","--","--","--","--","--","--","--","--","--","--","0.0","--","--","--","--","--","200","100","1","-5","--","No","00:39:26","1","--","--","--","--","00:39:26","00:39:26","--","--"
Strength Training,2024-12-24 11:05:20,false,"Fuerza","0.00","398","00:41:01","120","153","2.0","--","--","--","--","--","--","--","--","--","--","--","--","0.0","--","--","--","--","--","18","9","1","-6","--","No","00:41:01","1","--","--","--","--","00:41:01","00:41:01","--","--"
Running,2024-12-21 22:17:12,false,"Eindhoven Carrera","10.27","1,026","01:26:35","135","173","3.2","110","231","8:26","2:27","62","68","0.98","8.6","8.3","272","8:37","329","0.0","238","888","--","--","--","10,444","--","--","-8","--","No","00:01:35.2","11","--","--","--","--","01:05:09","01:48:01","10","50"
Skating,2024-12-21 14:41:31,false,"Eindhoven Patinaje","14.31","761","00:58:11","141","173","3.6","--","--","14.8","20.9","--","--","--","--","--","--","--","--","0.0","--","--","--","--","--","3,694","--","--","-9","--","No","00:58:11","1","--","--","--","--","00:58:10","00:59:55","--","--"
Cardio,2024-12-21 11:09:08,false,"CrossFit","0.00","521","00:38:59","142","194","3.1","--","--","--","--","--","--","--","--","--","--","--","--","0.0","--","--","--","--","--","1,186","--","--","-8","--","No","00:38:59","1","--","--","--","--","00:00:00","00:38:59","--","--"
Skating,2024-12-20 14:18:06,false,"Eindhoven Patinaje","10.78","703","01:05:43","130","163","2.7","--","--","9.8","19.4","--","--","--","--","--","--","--","--","0.0","--","--","--","--","--","3,946","--","--","-9","--","No","01:05:43","1","--","--","--","--","01:03:25","01:16:39","--","--"
Cardio,2024-12-18 19:39:23,false,"CrossFit","0.00","562","00:40:10","150","184","3.2","--","--","--","--","--","--","--","--","--","--","--","--","0.0","--","--","--","--","--","1,776","--","--","-4","--","No","00:40:10","1","--","--","--","--","00:00:00","00:40:10","--","--"
Cycling,2024-12-18 09:35:57,false,"Eindhoven Ciclismo","40.07","1,285","02:57:12","114","157","2.3","--","--","13.6","35.0","72","87","--","--","--","--","--","--","0.0","--","--","--","--","--","--","--","--","-13","--","No","00:00:07.2","9","--","--","--","--","02:13:40","02:57:12","20","39"
Cardio,2024-12-16 19:35:56,false,"CrossFit","0.00","503","00:37:46","147","179","3.1","--","--","--","--","--","--","--","--","--","--","--","--","0.0","--","--","--","--","--","1,262","--","--","-5","--","No","00:37:46","1","--","--","--","--","00:00:00","00:37:46","--","--"
Cycling,2024-12-16 12:09:37,false,"Eindhoven Ciclismo","35.61","1,198","02:34:52","119","165","2.8","--","--","13.8","29.4","69","68","--","--","--","--","--","--","0.0","--","--","--","--","--","--","--","--","-13","--","No","00:01:40.3","8","--","--","--","--","01:57:39","02:34:52","15","26"
Cardio,2024-12-11 19:38:09,false,"CrossFit","0.00","451","00:35:58","139","190","2.7","--","--","--","--","--","--","--","--","--","--","--","--","0.0","--","--","--","--","--","1,950","--","--","-4","--","No","00:35:58","1","--","--","--","--","00:00:00","00:37:55","--","--"
Running,2024-12-07 10:14:15,false,"Eindhoven Carrera","5.02","465","00:30:12","146","166","3.1","161","178","6:01","4:12","27","27","1.03","8.3","8.5","263","6:00","390","0.0","374","740","--","--","--","4,900","--","--","-5","--","No","00:00:04.5","6","--","--","--","--","00:28:56","00:30:12","16","24"
Running,2024-12-06 16:31:31,false,"Eindhoven Carrera","10.02","923","00:54:38","162","180","4.3","163","184","5:27","4:01","23","27","1.12","7.8","8.7","254","5:25","419","0.0","404","585","--","--","--","9,094","--","--","-9","--","No","00:00:06.1","11","--","--","--","--","00:52:52","00:54:38","7","14"
Running,2024-12-04 19:40:06,false,"Eindhoven Carrera","5.00","425","00:27:29","147","162","3.0","169","198","5:29","4:31","11","15","1.07","8.1","8.7","260","5:32","417","0.0","407","564","--","--","--","4,674","--","--","--","--","No","00:00:00.9","6","--","--","--","--","00:27:10","00:27:29","9","18"
Cardio,2024-12-02 19:38:05,false,"CrossFit","0.00","542","00:38:07","150","186","3.2","--","--","--","--","--","--","--","--","--","--","--","--","0.0","--","--","--","--","--","2,074","--","--","-7","--","No","00:38:07","1","--","--","--","--","00:00:00","00:38:07","--","--"
Running,2024-12-01 10:03:29,false,"Eindhoven Carrera","10.82","1,082","01:22:51","140","172","3.5","129","181","7:39","3:28","36","33","1.00","8.5","8.4","271","7:31","354","0.0","287","714","--","--","--","11,180","--","--","-17","--","No","01:22:51","1","--","--","--","--","--:--:--","01:22:53","--","--"
Running,2024-12-01 10:03:29,false,"Eindhoven Carrera","10.82","1,082","01:22:51","140","172","3.5","129","181","7:39","3:28","36","33","1.00","8.5","8.4","271","7:31","354","0.0","287","714","--","--","--","11,180","--","--","-17","--","No","00:05:42.9","11","--","--","--","--","01:02:19","01:22:53","19","27"
Running,2024-11-30 10:10:25,false,"Eindhoven Carrera","4.92","451","00:30:02","146","155","3.0","168","217","6:06","2:24","4","8","0.99","8.6","8.4","269","6:01","391","0.0","371","948","--","--","--","5,026","--","--","-8","--","No","00:05:19.3","5","--","--","--","--","00:29:45","00:30:02","16","23"
Running,2024-11-27 19:45:48,false,"Eindhoven Carrera","4.99","461","00:28:59","157","168","3.2","168","177","5:48","4:59","15","23","1.03","8.4","8.6","268","5:50","404","0.0","395","532","--","--","--","4,872","--","--","-3","--","No","00:05:37.4","5","--","--","--","--","00:28:49","00:28:59","7","17"
Running,2024-11-26 10:32:39,false,"Eindhoven Carrera","11.51","1,067","01:07:39","158","171","4.0","163","172","5:52","3:41","13","15","1.05","8.4","8.9","271","5:50","396","0.0","389","661","--","--","--","11,048","--","--","-14","--","No","00:03:10.7","12","--","--","--","--","01:06:55","01:07:39","14","22"
Strength Training,2024-11-25 20:36:49,false,"Fuerza","0.00","421","00:37:29","128","164","2.2","--","--","--","--","--","--","--","--","--","--","--","--","0.0","--","--","--","--","--","6","3","1","-3","--","No","00:37:29","1","--","--","--","--","00:37:24","00:37:29","--","--"
Cycling,2024-11-24 13:46:33,false,"Eindhoven Ciclismo","44.28","1,140","01:56:32","135","166","3.2","--","--","22.8","41.7","161","170","--","--","--","--","--","--","0.0","--","--","--","--","--","--","--","--","-12","--","No","00:11:05","9","--","--","--","--","01:53:59","01:56:32","4","26"
